﻿[
  {
    "title": "Styles",
    "selectedIndex": -1,
    "group":  false, 
    "demoItemList": [
      [ "Brush", "BrushDemoCtl", "Brush.Brush", "", "" ],
      [ "Button", "ButtonDemoCtl", "Brush.ButtonClick", "", "" ],
      [ "RepeatButton", "RepeatButtonDemoCtl", "Brush.RepeatButton", "", "" ],
      [ "ToggleButton", "ToggleButtonDemoCtl", "Brush.Toggle", "", "" ],
      [ "RadioButton", "RadioButtonDemoCtl", "Brush.RadioButton", "", "" ],
      [ "CheckBox", "CheckBoxDemoCtl", "Brush.CheckBoxChecked", "", "" ],
      [ "ScrollViewer", "NativeScrollViewerDemoCtl", "Brush.ScrollBox", "", "" ],
      [ "Slider", "SliderDemoCtl", "Brush.Slider", "", "" ],
      [ "TextBlock", "TextBlockDemoCtl", "Brush.TextBlock", "", "" ],
      [ "TextBox", "NativeTextBoxDemoCtl", "Brush.TextBox", "", "" ],
      [ "ComboBox", "NativeComboBoxDemoCtl", "Brush.ComboBox", "", "" ],
      [ "PasswordBox", "NativePasswordBoxDemoCtl", "Brush.PasswordBox", "", "" ],
      [ "Expander", "ExpanderDemoCtl", "Brush.Expander", "", "" ],
      [ "ProgressBar", "NativeProgressBarDemoCtl", "Brush.ProgressBar", "", "" ],
      [ "Calendar", "CalendarDemoCtl", "Brush.Calendar", "", "" ],
      [ "DatePicker", "NativeDatePickerDemoCtl", "Brush.DateTimePicker", "", "" ],
      [ "TabControl", "NativeTabControlDemoCtl", "Brush.TabPage", "", "" ],
      [ "DataGrid", "DataGridDemoCtl", "Brush.DataGrid", "", "" ],
      [ "TreeView", "TreeViewDemoCtl", "Brush.TreeView", "", "" ],
      [ "ListBox", "ListBoxDemoCtl", "Brush.ListBox", "", "" ],
      [ "ListView", "ListViewDemoCtl", "Brush.ListView", "", "" ],
      [ "GroupBox", "GroupBoxDemoCtl", "Brush.GroupBox", "", "" ],
      [ "Menu", "MenuDemoCtl", "Brush.ContextMenu", "", "" ],
      [ "RichTextBox", "RichTextBoxDemoCtl", "Brush.RichTextBox", "", "" ],
      [ "FlowDocument", "FlowDocumentDemoCtl", "Brush.WPFFlowDocument", "", "" ],
      [ "ToolBar", "ToolBarDemoCtl", "Brush.ToolBar", "", "" ],
      [ "Border", "BorderDemoCtl", "Brush.BorderElement", "", "" ],
      [ "Label", "LabelDemoCtl", "Brush.Label", "", "" ],
      [ "Frame", "FrameDemoCtl", "Brush.FrameBorder", "", "" ],
      [ "Window", "NativeWindowDemoCtl", "Brush.WindowsForm", "", "" ],
      [ "Geometry", "GeometryDemoCtl", "Brush.Path", "", "" ]
    ]
  },
  {
    "title": "Controls",
    "selectedIndex": 0,
    "group": true,
    "demoItemList": [
      [ "FloatingBlock", "FloatingBlockDemoCtl", "Brush.LikeFilled", "", "Interacting" ],
      [ "PropertyGrid", "PropertyGridDemoCtl", "Brush.PropertyGridEditorPart", "", "DataEntry" ],
      [ "ImageSelector", "ImageSelectorDemoCtl", "Brush.Image", "", "DataEntry" ],
      [ "ImageBlock", "ImageBlockDemoCtl", "Brush.ImageStack", "", "DataDisplay" ],
      [ "Magnifier", "MagnifierDemoCtl", "Brush.Search", "", "Interacting" ],
      [ "Gravatar", "GravatarDemoCtl", "Brush.User", "", "DataDisplay" ],
      [ "Badge", "BadgeDemoCtl", "Brush.CheckDot", "", "DataDisplay" ],
      [ "SplitButton", "SplitButtonDemoCtl", "Brush.SplitButton", "", "Button" ],
      [ "ButtonGroup", "ButtonGroupDemoCtl", "Brush.ButtonGroup", "", "Button" ],
      [ "ProgressButton", "ProgressButtonDemoCtl", "Brush.ProgressBarStatusBar8", "", "Button" ],
      [ "Poptip", "PoptipDemoCtl", "Brush.ToolTip", "", "DataDisplay" ],
      [ "NumericUpDown", "NumericUpDownDemoCtl", "Brush.NumericListBox", "", "DataEntry" ],
      [ "TextBox", "TextBoxDemoCtl", "Brush.TextBox", "", "DataEntry" ],
      [ "ComboBox", "ComboBoxDemoCtl", "Brush.ComboBox", "", "DataEntry" ],
      [ "CheckComboBox", "CheckComboBoxDemoCtl", "Brush.CheckBoxList", "", "DataEntry" ],
      [ "AutoCompleteTextBox", "AutoCompleteTextBoxDemoCtl", "Brush.AutoComplete", "1", "DataEntry" ],
      [ "PasswordBox", "PasswordBoxDemoCtl", "Brush.PasswordBox", "", "DataEntry" ],
      [ "PinBox", "PinBoxDemoCtl", "Brush.Ellipsis", "", "DataEntry" ],
      [ "DatePicker", "DatePickerDemoCtl", "Brush.DateTimePicker", "", "DataEntry" ],
      [ "Clock", "ClockDemoCtl", "Brush.Time", "", "DataEntry" ],
      [ "TimePicker", "TimePickerDemoCtl", "Brush.TimePicker", "", "DataEntry" ],
      [ "CalendarWithClock", "CalendarWithClockDemoCtl", "Brush.Calendar", "", "DataEntry" ],
      [ "DateTimePicker", "DateTimePickerDemoCtl", "Brush.DateTimePicker", "", "DataEntry" ],
      [ "Transfer", "TransferDemoCtl", "Brush.SyncArrow", "", "DataEntry" ],
      [ "FlipClock", "FlipClockDemoCtl", "Brush.FlipVertical", "", "DataDisplay" ],
      [ "Rate", "RateDemoCtl", "Brush.HeartFilled", "", "DataEntry" ],
      [ "Shield", "ShieldDemoCtl", "Brush.SplitKeyValuePair", "", "DataDisplay" ],
      [ "SearchBar", "SearchBarDemoCtl", "Brush.Search", "", "DataEntry" ],
      [ "Tag", "TagDemoCtl", "Brush.Tag", "", "DataDisplay" ],
      [ "GifImage", "GifImageDemoCtl", "Brush.Animation", "", "DataDisplay" ],
      [ "OutlineText", "OutlineTextDemoCtl", "Brush.TextBlock", "", "DataDisplay" ],
      [ "RunningBlock", "RunningBlockDemoCtl", "Brush.Dynamic", "", "DataDisplay" ],
      [ "Card", "CardDemoCtl", "Brush.ContactCard", "", "DataDisplay" ],
      [ "ElementGroup", "ElementGroupDemoCtl", "Brush.ButtonGroup", "1", "Layout" ],
      [ "Divider", "DividerDemoCtl", "Brush.DottedSplitter", "", "Layout" ],
      [ "CirclePanel", "CirclePanelDemoCtl", "Brush.ColorWheel", "", "Layout" ],
      [ "Grid", "GridDemoCtl", "Brush.GridPane", "", "Layout" ],
      [ "FlexPanel", "FlexPanelDemoCtl", "Brush.FlowLayoutPanel", "1", "Layout" ],
      [ "UniformSpacingPanel", "UniformSpacingPanelDemoCtl", "Brush.IncreaseHorizontalSpacing", "1", "Layout" ],
      [ "RelativePanel", "RelativePanelDemoCtl", "Brush.TransformRelative", "", "Layout" ],
      [ "WaterfallPanel", "WaterfallPanelDemoCtl", "Brush.Panel", "", "Layout" ],
      [ "HoneycombPanel", "HoneycombPanelDemoCtl", "Brush.PolygonHexagon", "", "Layout" ],
      [ "TransitioningContentControl", "TransitioningContentControlDemoCtl", "Brush.TransitioningContentControl", "", "Interacting" ],
      [ "Drawer", "DrawerDemoCtl", "Brush.TransactedReceiveScope", "", "Feedback" ],
      [ "CoverView", "CoverViewDemoCtl", "Brush.DetailDataView", "", "DataDisplay" ],
      [ "CoverFlow", "CoverFlowDemoCtl", "Brush.LinearCarousel", "", "DataDisplay" ],
      [ "ProgressBar", "ProgressBarDemoCtl", "Brush.ProgressBar", "", "Feedback" ],
      [ "StepBar", "StepBarDemoCtl", "Brush.Flow", "", "Navigation" ],
      [ "Growl", "GrowlDemoCtl", "Brush.Message", "", "Feedback" ],
      [ "Loading", "LoadingDemoCtl", "Brush.Loading", "", "Feedback" ],
      [ "ColorPicker", "ColorPickerDemoCtl", "Brush.ColorPalette", "", "DataEntry" ],
      [ "Carousel", "CarouselDemoCtl", "Brush.Carousel", "", "DataDisplay" ],
      [ "CompareSlider", "CompareSliderDemoCtl", "Brush.SplitterControl", "", "Interacting" ],
      [ "PreviewSlider", "PreviewSliderDemoCtl", "Brush.HoverMenu", "", "DataEntry" ],
      [ "RangeSlider", "RangeSliderDemoCtl", "Brush.Indexer", "", "DataEntry" ],
      [ "TimeBar", "TimeBarDemoCtl", "Brush.Timeline", "", "DataEntry" ],
      [ "Pagination", "PaginationDemoCtl", "Brush.Paginator", "", "Navigation" ],
      [ "TabControl", "TabControlDemoCtl", "Brush.TabPage", "", "DataDisplay" ],
      [ "SideMenu", "SideMenuDemoCtl", "Brush.MainMenuControl", "", "Navigation" ],
      [ "Notification", "NotificationDemoCtl", "Brush.Procedure", "", "Feedback" ],
      [ "Dialog", "DialogDemoCtl", "Brush.Dialog", "", "Feedback" ],
      [ "Screenshot", "ScreenshotDemoCtl", "Brush.WindowScreenshot", "", "" ],
      [ "GotoTop", "GotoTopDemoCtl", "Brush.GoToTop", "", "" ],
      [ "ChatBubble", "ChatBubbleDemoCtl", "Brush.FeedbackBubble", "", "" ],
      [ "Watermark", "WatermarkDemoCtl", "Brush.GridLight", "1", "" ],
      [ "NotifyIcon", "NotifyIconDemoCtl", "Brush.NotificationHub", "", "" ],
      [ "ImageBrowser", "ImageBrowserDemoCtl", "Brush.ImageBrowser", "", "" ],
      [ "AnimationPath", "AnimationPathDemoCtl", "Brush.Path", "", "" ],
      [ "ScrollViewer", "ScrollViewerDemoCtl", "Brush.ScrollBox", "", "" ],
      [ "Sprite", "SpriteDemoCtl", "Brush.HandyControl", "", "" ],
      [ "Window", "WindowDemoCtl", "Brush.WindowsForm", "", "" ]
    ]
  },
  {
    "title": "Tools",
    "selectedIndex": 0,
    "group": false,
    "demoItemList": [
      [ "HatchBrushGenerator", "HatchBrushGeneratorDemoCtl", "Brush.DataGenerator", "", "" ],
      [ "Morphing_Animation", "GeometryAnimationDemoCtl", "Brush.Animation", "", "" ],
      [ "Effects", "EffectsDemoCtl", "Brush.Effects", "", "" ]
    ]
  }
]
